--:: INSERCOES DE DADOS PARA TESTE) //////////////////////////////////////////////////////////////////////////////////

-- Inserir dados na tabela ESTRELA
INSERT INTO ESTRELA (ID_ESTRELA, NOME, CLASSIFICACAO, MASSA, X, Y, Z) VALUES ('EstrelaX', 'Sol', 'G', 1.989, 123, 1113123, 22233);
INSERT INTO ESTRELA (ID_ESTRELA, NOME, CLASSIFICACAO, MASSA, X, Y, Z) VALUES ('EstrelaY', 'Alpha Centauri', 'G', 2.144, 3412, 12341234, 4234);
INSERT INTO ESTRELA (ID_ESTRELA, NOME, CLASSIFICACAO, MASSA, X, Y, Z) VALUES ('EstrelaZ', 'Betelgeuse', 'M', 20.0, 2001, 3002, 4030);

-- Inserir dados na tabela PLANETA
INSERT INTO PLANETA (ID_ASTRO, MASSA, RAIO, CLASSIFICACAO) VALUES ('PlanetaXX', 5.972, 6371, 'Terrestre');
INSERT INTO PLANETA (ID_ASTRO, MASSA, RAIO, CLASSIFICACAO) VALUES ('PlanetaYY', 4.867, 6052, 'Terrestre');
INSERT INTO PLANETA (ID_ASTRO, MASSA, RAIO, CLASSIFICACAO) VALUES ('PlanetaZZ', 0.642, 3390, 'Terrestre');
INSERT INTO PLANETA (ID_ASTRO, MASSA, RAIO, CLASSIFICACAO) VALUES ('PlanetaWW', 1.898, 69911, 'Gasoso');

-- Inserir dados na tabela SISTEMA
INSERT INTO SISTEMA (ESTRELA, NOME) VALUES ('EstrelaX', 'Sistema Solar');
INSERT INTO SISTEMA (ESTRELA, NOME) VALUES ('EstrelaY', 'Alpha Centauri System');
INSERT INTO SISTEMA (ESTRELA, NOME) VALUES ('EstrelaZ', 'Orion System');

-- Inserir dados na tabela ORBITA_PLANETA
INSERT INTO ORBITA_PLANETA (PLANETA, ESTRELA, DIST_MIN, DIST_MAX, PERIODO) VALUES ('PlanetaXX', 'EstrelaX', 0.983, 1.017, 365.25);
INSERT INTO ORBITA_PLANETA (PLANETA, ESTRELA, DIST_MIN, DIST_MAX, PERIODO) VALUES ('PlanetaYY', 'EstrelaX', 0.718, 0.728, 224.7);
INSERT INTO ORBITA_PLANETA (PLANETA, ESTRELA, DIST_MIN, DIST_MAX, PERIODO) VALUES ('PlanetaZZ', 'EstrelaY', 1.523, 1.666, 686.98);
INSERT INTO ORBITA_PLANETA (PLANETA, ESTRELA, DIST_MIN, DIST_MAX, PERIODO) VALUES ('PlanetaWW', 'EstrelaZ', 0.5, 1.5, 300.0);

-- Inserir dados na tabela ORBITA_ESTRELA
INSERT INTO ORBITA_ESTRELA (ORBITANTE, ORBITADA, DIST_MIN, DIST_MAX, PERIODO) VALUES ('EstrelaY', 'EstrelaX', 4.0, 4.5, 50000);
INSERT INTO ORBITA_ESTRELA (ORBITANTE, ORBITADA, DIST_MIN, DIST_MAX, PERIODO) VALUES ('EstrelaZ', 'EstrelaX', 200.0, 400.0, 100000);
INSERT INTO ORBITA_ESTRELA (ORBITANTE, ORBITADA, DIST_MIN, DIST_MAX, PERIODO) VALUES ('EstrelaZ', 'EstrelaY', 195.0, 405.0, 95000);

-- Inserir dados na tabela ESPECIE
INSERT INTO ESPECIE (NOME, PLANETA_OR, INTELIGENTE) VALUES ('EspecieX', 'PlanetaXX', 'V');
INSERT INTO ESPECIE (NOME, PLANETA_OR, INTELIGENTE) VALUES ('EspecieY', 'PlanetaYY', 'V');
INSERT INTO ESPECIE (NOME, PLANETA_OR, INTELIGENTE) VALUES ('EspecieZ', 'PlanetaZZ', 'V');
INSERT INTO ESPECIE (NOME, PLANETA_OR, INTELIGENTE) VALUES ('EspecieW', 'PlanetaWW', 'V');

-- Inserir dados na tabela COMUNIDADE
INSERT INTO COMUNIDADE (ESPECIE, NOME, QTD_HABITANTES) VALUES ('EspecieX', 'Comunidade1', 100);
INSERT INTO COMUNIDADE (ESPECIE, NOME, QTD_HABITANTES) VALUES ('EspecieY', 'Comunidade2', 150);
INSERT INTO COMUNIDADE (ESPECIE, NOME, QTD_HABITANTES) VALUES ('EspecieZ', 'Comunidade3', 200);
INSERT INTO COMUNIDADE (ESPECIE, NOME, QTD_HABITANTES) VALUES ('EspecieW', 'Comunidade4', 250);

-- Inserir dados na tabela HABITACAO
INSERT INTO HABITACAO (PLANETA, ESPECIE, COMUNIDADE, DATA_INI, DATA_FIM) VALUES ('PlanetaXX', 'EspecieX', 'Comunidade1', TO_DATE('2023-01-01', 'YYYY-MM-DD'), NULL);
INSERT INTO HABITACAO (PLANETA, ESPECIE, COMUNIDADE, DATA_INI, DATA_FIM) VALUES ('PlanetaYY', 'EspecieY', 'Comunidade2', TO_DATE('2023-01-01', 'YYYY-MM-DD'), NULL);
INSERT INTO HABITACAO (PLANETA, ESPECIE, COMUNIDADE, DATA_INI, DATA_FIM) VALUES ('PlanetaZZ', 'EspecieZ', 'Comunidade3', TO_DATE('2023-01-01', 'YYYY-MM-DD'), NULL);
INSERT INTO HABITACAO (PLANETA, ESPECIE, COMUNIDADE, DATA_INI, DATA_FIM) VALUES ('PlanetaWW', 'EspecieW', 'Comunidade4', TO_DATE('2023-01-01', 'YYYY-MM-DD'), NULL);

-- Inserir dados na tabela FEDERACAO
INSERT INTO FEDERACAO (NOME, DATA_FUND) VALUES ('FederacaoX', TO_DATE('2000-01-01', 'YYYY-MM-DD'));
INSERT INTO FEDERACAO (NOME, DATA_FUND) VALUES ('FederacaoY', TO_DATE('2010-01-01', 'YYYY-MM-DD'));
INSERT INTO FEDERACAO (NOME, DATA_FUND) VALUES ('FederacaoZ', TO_DATE('2020-01-01', 'YYYY-MM-DD'));

-- Inserir dados na tabela NACAO
INSERT INTO NACAO (NOME, QTD_PLANETAS, FEDERACAO) VALUES ('NacaoX', 2, 'FederacaoX');
INSERT INTO NACAO (NOME, QTD_PLANETAS, FEDERACAO) VALUES ('NacaoY', 1, 'FederacaoX');
INSERT INTO NACAO (NOME, QTD_PLANETAS, FEDERACAO) VALUES ('NacaoZ', 0, NULL);
INSERT INTO NACAO (NOME, QTD_PLANETAS, FEDERACAO) VALUES ('Nacao4', 1, 'FederacaoY');

-- Inserir dados na tabela DOMINANCIA
INSERT INTO DOMINANCIA (PLANETA, NACAO, DATA_INI, DATA_FIM) VALUES ('PlanetaXX', 'NacaoX', TO_DATE('2023-01-01', 'YYYY-MM-DD'), NULL);
INSERT INTO DOMINANCIA (PLANETA, NACAO, DATA_INI, DATA_FIM) VALUES ('PlanetaYY', 'NacaoY', TO_DATE('2023-01-01', 'YYYY-MM-DD'), NULL);
INSERT INTO DOMINANCIA (PLANETA, NACAO, DATA_INI, DATA_FIM) VALUES ('PlanetaZZ', 'NacaoZ', TO_DATE('2023-01-01', 'YYYY-MM-DD'), NULL);

-- Inserir dados na tabela LIDER
INSERT INTO LIDER (CPI, NOME, CARGO, NACAO, ESPECIE) VALUES ('123.123.123-11', 'Lider1', 'CIENTISTA', 'NacaoX', 'EspecieX');
INSERT INTO LIDER (CPI, NOME, CARGO, NACAO, ESPECIE) VALUES ('123.123.123-22', 'Lider2', 'COMANDANTE', 'NacaoY', 'EspecieY');
INSERT INTO LIDER (CPI, NOME, CARGO, NACAO, ESPECIE) VALUES ('123.123.123-33', 'Lider3', 'OFICIAL', 'NacaoZ', 'EspecieZ');
INSERT INTO LIDER (CPI, NOME, CARGO, NACAO, ESPECIE) VALUES ('123.123.123-44', 'Lider4', 'CIENTISTA', 'NacaoX', 'EspecieX');
INSERT INTO LIDER (CPI, NOME, CARGO, NACAO, ESPECIE) VALUES ('123.123.123-55', 'Lider5', 'COMANDANTE', 'NacaoY', 'EspecieY');
INSERT INTO LIDER (CPI, NOME, CARGO, NACAO, ESPECIE) VALUES ('123.123.123-66', 'Lider6', 'OFICIAL', 'NacaoZ', 'EspecieZ');

-- Inserir dados na tabela FACCAO
INSERT INTO FACCAO (NOME, LIDER, IDEOLOGIA, QTD_NACOES) VALUES ('Faccao1', '123.123.123-11', 'PROGRESSITA', 2);
INSERT INTO FACCAO (NOME, LIDER, IDEOLOGIA, QTD_NACOES) VALUES ('Faccao2', '123.123.123-22', 'TOTALITARIA', 1);
INSERT INTO FACCAO (NOME, LIDER, IDEOLOGIA, QTD_NACOES) VALUES ('Faccao3', '123.123.123-33', 'TRADICIONALISTA', 1);

-- Inserir dados na tabela NACAO_FACCAO
INSERT INTO NACAO_FACCAO (NACAO, FACCAO) VALUES ('NacaoX', 'Faccao1');
INSERT INTO NACAO_FACCAO (NACAO, FACCAO) VALUES ('NacaoY', 'Faccao1');
INSERT INTO NACAO_FACCAO (NACAO, FACCAO) VALUES ('NacaoY', 'Faccao2');
INSERT INTO NACAO_FACCAO (NACAO, FACCAO) VALUES ('NacaoZ', 'Faccao3');

-- Inserir dados na tabela PARTICIPA
INSERT INTO PARTICIPA (FACCAO, ESPECIE, COMUNIDADE) VALUES ('Faccao1', 'EspecieX', 'Comunidade1');
INSERT INTO PARTICIPA (FACCAO, ESPECIE, COMUNIDADE) VALUES ('Faccao2', 'EspecieY', 'Comunidade2');
INSERT INTO PARTICIPA (FACCAO, ESPECIE, COMUNIDADE) VALUES ('Faccao3', 'EspecieZ', 'Comunidade3');

-- Inserir dados na tabela USERS
INSERT INTO USERS (Userid, Password, IdLider) VALUES (1, 'senha_padrao', '123.123.123-11');
INSERT INTO USERS (Userid, Password, IdLider) VALUES (2, 'senha_padrao', '123.123.123-22');
INSERT INTO USERS (Userid, Password, IdLider) VALUES (3, 'senha_padrao', '123.123.123-33');
INSERT INTO USERS (Userid, Password, IdLider) VALUES (4, 'senha_padrao', '123.123.123-44');
INSERT INTO USERS (Userid, Password, IdLider) VALUES (5, 'senha_padrao', '123.123.123-55');
INSERT INTO USERS (Userid, Password, IdLider) VALUES (6, 'senha_padrao', '123.123.123-66');